{
  "project_info": {
    "project_number": "1021274472973",
    "firebase_url": "https://travelmantic-c48c2.firebaseio.com",
    "project_id": "travelmantic-c48c2",
    "storage_bucket": "travelmantic-c48c2.appspot.com"
  },
  "client": [
    {
      "client_info": {
        "mobilesdk_app_id": "1:1021274472973:android:b32a1eaa3d232dcb",
        "android_client_info": {
          "package_name": "com.example.travelmantic"
        }
      },
      "oauth_client": [
        {
          "client_id": "1021274472973-1tt56cbmthhgijemb2e72bguo3bhmv5g.apps.googleusercontent.com",
          "client_type": 1,
          "android_info": {
            "package_name": "com.example.travelmantic",
            "certificate_hash": "420748f771e608c4a40aabb961e36b778a382634"
          }
        },
        {
          "client_id": "1021274472973-8an0a5gu9s5j94e7mvj9uc80pdm07dgp.apps.googleusercontent.com",
          "client_type": 3
        }
      ],
      "api_key": [
        {
          "current_key": "AIzaSyA6Y7UkJQK9vidsg0gzXY4wWKOH1qQzExc"
        }
      ],
      "services": {
        "appinvite_service": {
          "other_platform_oauth_client": [
            {
              "client_id": "1021274472973-8an0a5gu9s5j94e7mvj9uc80pdm07dgp.apps.googleusercontent.com",
              "client_type": 3
            }
          ]
        }
      }
    }
  ],
  "configuration_version": "1"
}